token,freq
категория,1000
москва,257
квартира,244
дом,176
большой,169
пространство,165
офис,156
кафе,140
ресторан,139
съемка,131
кино,128
салон,124
зал,116
крыша,109
светлый,106
район,100
стиль,98
бизнес,91
предлагать,89
вид,85
тело,84
проект,84
проведение,80
лофт,80
самолет,79
современный,79
окно,76
магазин,76
загородный,72
центр,71
ангар,69
открытый,68
красота,68
джет,66
тц,66
комплекс,65
пресненский,65
помещение,64
бар,64
студия,63
классический,63
площадка,62
клиника,62
небольшой,60
частный,60
просторный,59
металлический,57
конструкция,57
клуб,57
таунхаус,57
площадь,56
аэропорт,55
парк,55
цао,55
басманный,55
парковка,54
интерьер,53
жилой,53
мастерская,53
переговорный,52
внутренний,50
кабинет,50
промзона,50
стена,49
здание,49
театр,49
отель,47
реклама,47
тон,46
территория,45
сериал,45
клип,45
спорт,44
конференц-зал,44
обучение,43
библиотека,41
ночной,41
фасад,40
дк,40
городской,37
бассейн,36
школа,35
автосервис,35
советский,35
панорамный,35
колонна,34
гараж,34
река,34
таганский,34
тверская,34
зеленый,33
город,33
зона,33
хамовник,33
остекление,32
стоянка,32
московский,32
гостиница,32
подъезд,31
арбат,31
дорога,30
футбол,30
тверской,30
концертный,29
подвал,29
спортивный,29
баскетболла,29
волейболла,29
теннис,29
красный,28
мо,28
галерея,27
фитнес-клуб,27
хостел,27
уютный,26
область,26
замоскворечье,26
детский,26
бортпроводник,25
перекрытие,25
ил,25
эскалатор,24
вертолет,24
среда,24
предназначать,24
элемент,24
комната,24
черный,24
хорошевский,24
объем,23
темный,23
улица,23
бокс,23
бизнес-центр,23
университет,23
тренажер,22
имитировать,22
холл,22
отделка,22
сотрудник,22
стадион,22
усадьба,22
даниловский,22
белый,21
86,21
гражданский,21
авиация,21
борьба,21
якиманка,20
северный,20
лес,20
насаждение,19
мероприятие,19
жк,19
дизайнерский,19
автотрасса,19
яркий,19
этаж,18
двор,18
теплый,18
двухуровневый,17
потолок,17
набережная,17
деревянный,17
кинотеатр,17
кирпичный,16
культура,16
озеро,16
беговой,16
больница,16
ярославский,16
кирпич,15
подземный,15
высокий,15
пол,15
цветной,15
гимнастический,15
манежы,15
южный,15
застройка,15
автомобильный,14
паркинг,14
кухня,14
свой,14
который,14
ремонт,14
кресло,14
располагать,14
рынок,14
дорогомилово,14
карьера,14
постройка,13
веранда,13
место,13
лестница,13
торговый,13
серый,13
сад,13
старый,13
стеклянный,13
поле,13
обручевский,13
живописный,13
бутырский,13
пляж,13
объект,12
танцевальный,12
сцена,12
отдых,12
граффити,12
завод,12
арт,12
ледовый,12
дачный,12
поселок,12
балкон,12
крупный,12
квартал,12
лаборатория,12
декор,12
актовый,12
множество,11
супермаркет,11
красивый,11
шоссе,11
лефортово,11
измайлово,11
мебель,11
стан,11
куркино,11
красносельский,11
коридор,11
мещанский,11
выставочный,11
синий,10
многоуровневый,10
строение,10
баня,10
черно-белый,10
высотный,10
офисный,10
склад,10
забросить,10
донской,10
кунцево,10
кладбище,10
гагаринский,10
семья,10
витрина,10
придомовый,10
коворкинг,9
располагаться,9
использование,9
фитнес,9
2,9
центральный,9
камин,9
сити,9
покровский,9
восточный,9
можайский,9
трехэтажный,9
стильный,9
двухэтажный,9
сокол,9
атриум,9
тоннель,9
стрешнево,9
павильон,9
группа,9
век,9
лепнина,9
кооператив,8
асфальтировать,8
интересный,8
решение,8
аудитория,8
деловой,8
выполнять,8
часть,8
метро,8
класс,8
пруд,8
пентхаус,8
проспект,8
тропарево,8
сокольники,8
учреждение,8
сауна,8
зала,8
алексеевский,8
искусство,8
продуктовый,8
дерево,8
песчаный,8
творческий,8
чертаново,8
время,8
очаково,8
бутово,8
входной,8
цвет,8
цветовой,8
водный,7
покрывать,7
включать,7
автомобиль,7
новый,7
филевский,7
академический,7
рядом,7
коттедж,7
необычный,7
учебный,7
марьин,7
роща,7
соколиный,7
гора,7
выход,7
южнопортовый,7
митино,7
тимирязевский,7
музей,7
авто,7
никулино,7
водоем,7
матвеевский,7
второй,7
многофункциональный,7
архитектура,7
покрытие,7
сао,7
химки,7
сзао,7
кабина,6
автомойка,6
фактурный,6
заправка,6
рекреационный,6
ограждение,6
желтый,6
течь,6
дизайн,6
5,6
винтовой,6
корпус,6
лифт,6
столовая,6
метр,6
огромный,6
минимализм,6
особняк,6
плитка,6
цех,6
обычный,6
карьер,6
мост,6
длинный,6
семейный,6
нагатино,6
садовник,6
мансарда,6
люблино,6
оборудование,6
санаторий,6
свет,6
атмосферный,6
мастерский,6
савеловский,6
движение,6
период,6
свао,6
форма,6
рустика,6
внутри,6
гаражно-строительный,5
панорама,5
возле,5
качественный,5
основной,5
разный,5
состоять,5
3,5
инфраструктура,5
лобби,5
свободный,5
to,5
отличный,5
бизнес-класс,5
премиум,5
ухоженный,5
номер,5
присутствовать,5
машина,5
диван,5
исторический,5
футбольный,5
шикарный,5
заведение,5
сталинский,5
ореховый,5
борисово,5
спальный,5
художник,5
преображенский,5
раменки,5
строгино,5
ломоносовский,5
церковь,5
сердце,5
печатник,5
заезд,5
медицинский,5
останкинский,5
тушино,5
ясенево,5
медведково,5
мягкий,5
бетон,5
асфальт,5
находиться,5
пилястра,5
хвойный,5
украшать,5
общий,4
76,4
внешний,4
фюзеляж,4
проходить,4
трасса,4
асфальтовый,4
кольцевой,4
крытый,4
первый,4
аллея,4
собственный,4
башня,4
уровень,4
также,4
терраса,4
отделение,4
оборудовать,4
грузовой,4
весь,4
иметься,4
необходимый,4
несколько,4
the,4
минута,4
станция,4
апартамент,4
дмитровский,4
квадратный,4
лекционный,4
старинный,4
недалеко,4
кинообъект,4
профессиональный,4
крылатский,4
модный,4
творчество,4
арена,4
белоснежный,4
общественный,4
разноцветный,4
милый,4
культурный,4
многоэтажный,4
антикварный,4
помпезный,4
вернадский,4
индустриальный,4
сталинка,4
музыкальный,4
технический,4
русский,4
автобус,4
круглый,4
звукозапись,4
берег,4
молодой,4
фон,4
ссср,4
голубой,4
ростокино,4
станок,4
бутик,4
креативный,4
база,4
типичный,4
золотой,4
выхино,4
жулебино,4
районный,4
камерный,4
театральный,4
мир,4
паркет,4
конгресс-холл,4
автодорога,4
гаражный,4
ювао,4
вставка,4
одноэтажный,3
автосалон,3
природный,3
извилистый,3
крошка,3
автодром,3
соревнование,3
гонка,3
мотогонки,3
б,3
инженерный,3
банк,3
прогулочный,3
среди,3
архитектурный,3
планировка,3
отдельный,3
apartment,3
4,3
человек,3
широкий,3
чистый,3
трц,3
горка,3
красногорск,3
минский,3
км,3
черемушки,3
м,3
киносъемка,3
лед,3
трибуна,3
элитный,3
наш,3
качество,3
ребенок,3
бирюлево,3
шоурум,3
каток,3
маленький,3
баскетбольный,3
купольный,3
столярный,3
американский,3
преображенское,3
банкетный,3
урбан,3
архитектор,3
лаконичный,3
пешеходный,3
лавка,3
бц,3
девяностый,3
оздоровительный,3
перово,3
гостиная,3
роскошь,3
бетонный,3
изящный,3
молодежный,3
художественный,3
open,3
space,3
нагорный,3
летний,3
агенство,3
конюшня,3
будущее,3
хорошево,3
мневники,3
английский,3
компания,3
свиблово,3
войковский,3
музыка,3
щукино,3
ивановский,3
настроение,3
марьино,3
книжный,3
прыжок,3
купол,3
зимний,3
некрасовка,3
блеск,3
путь,3
беседка,3
юао,3
арка,3
использовать,3
рекреация,3
вао,3
зао,3
декоративный,3
сторона,3
оба,3
ворота,3
конструктивный,3
арочный,3
геометрия,3
контейнер,3
эксплуатировать,3
свод,3
изгиб,3
атмосфера,3
назначение,3
различный,3
рисунок,3
полоса,3
световой,3
доходный,3
xx,3
гамма,3
преимущественно,3
напольный,3
сидение,3
выставка,3
xviii,3
клубный,3
стоматологический,3
сосна,3
облагораживать,3
клумба,3
задний,2
план,2
металл,2
ржавый,2
урбанистический,2
раздел,2
автогонки,2
шоссейный,2
бионика,2
наружный,2
коммуникация,2
лекторный,2
публичный,2
стилистика,2
хай,2
глянцевый,2
переговоры,2
26,2
посадочный,2
велодорожка,2
яхт-клуб,2
хаять,2
14,2
vip,2
маникюрный,2
обширный,2
пассажирский,2
товар,2
прилегать,2
фура,2
смешанный,2
дело,2
точка,2
bright,2
metro,2
20,2
is,2
for,2
you,2
a,2
comfortable,2
гость,2
проживание,2
работа,2
очень,2
великолепный,2
19,2
север,2
самый,2
вход,2
отличаться,2
ванный,2
гримерный,2
сосновый,2
новорижский,2
научный,2
калужский,2
павшинский,2
пойма,2
ленинский,2
люкс,2
винзавод,2
пустой,2
дорогой,2
х,2
рекламный,2
хоккейный,2
академия,2
дорожка,2
аренда,2
вертолетный,2
смотреть,2
сайт,2
спорткомплекс,2
спа,2
ланч,2
батут,2
западный,2
развлекательный,2
пастельный,2
скромный,2
барбер,2
тематика,2
зеркало,2
скандинавский,2
домик,2
икеа,2
транспорт,2
шоу,2
рум,2
дегунино,2
холостяк,2
эко,2
античный,2
фойе,2
маникюр,2
электроника,2
представительский,2
аскетичный,2
строгий,2
бескудниковский,2
речка,2
часовня,2
spa,2
винный,2
дизайнер,2
завораживать,2
городок,2
военный,2
угловой,2
переработка,2
проезжий,2
лечебница,2
обыкновенный,2
веломастерская,2
капелла,2
бильярд,2
традиционный,2
пирс,2
ветеринарный,2
скульптор,2
цветок,2
филимонковский,2
хол,2
солидный,2
единоборство,2
элегантный,2
гранд,2
крюково,2
наука,2
косметика,2
вычурный,2
простенький,2
лианозово,2
административный,2
текстильщик,2
молжаниновский,2
ikea,2
бабушкинский,2
деревяный,2
фонтан,2
стандартный,2
вода,2
мужчина,2
коммуналка,2
сиреневый,2
80,2
пивной,2
воркаут,2
читатель,2
паб,2
богемный,2
буржуазный,2
event,2
бибирево,2
бюро,2
алтуфьевский,2
лодочный,2
сообщение,2
ховрино,2
концептуальный,2
боевой,2
благородный,2
веселый,2
тип,2
дача,2
эклектичный,2
галлерея,2
убежище,2
винтажный,2
промышленный,2
черта,2
хайтек,2
трансформер,2
терра,2
рабочий,2
былой,2
куб,2
миля,2
сказка,2
чернила,2
ковер,2
сквозь,2
неоновый,2
холодный,2
обед,2
печь,2
яблочный,2
солнцево,2
кузьминки,2
новокосино,2
лесной,2
бывший,2
ожидание,2
андеграунд,2
конференция,2
гольяново,2
лоск,2
неон,2
платформа,2
охра,2
шитье,2
кофе,2
глянец,2
тайный,2
палитра,2
уличный,2
катушка,2
лиловый,2
безумие,2
чаща,2
рояль,2
переделкино,2
брус,2
танцпол,2
динамика,2
кожаный,2
оформлять,2
мойка,2
опен,2
многий,2
эстакада,2
наземный,2
частично,2
пролегать,2
лежать,2
однотонный,2
дверь,2
долгопрудный,2
остеклять,2
пляжный,2
дома,2
односторонний,2
акцент,2
довоенный,2
железнодорожный,2
производственный,2
сохраняться,2
люстра,2
гардеробный,2
тренажерный,2
лиаз,2
фирменный,2
мосгортранс,2
``,2
начало,2
лестничный,2
шахта,2
хороший,2
проезд,2
внутридворовый,2
вдоль,2
ранний,2
соединять,2
окружать,2
стул,2
разметка,2
пианино,2
мраморный,2
зрительский,2
барный,2
фарфор,2
оранжерея,2
память,2
береза,2
прогулка,2
сквер,2
цветочный,2
природа,1
урбанистика,1
поверхность,1
test,1
шесть,1
представлять,1
единый,1
ансамбль,1
монолитный,1
переменный,1
этажность,1
соединяться,1
седьмой,1
стилобат,1
концепция,1
передовой,1
технология,1
занимать,1
исполнять,1
особенность,1
являться,1
последний,1
13,1
следовать,1
отмечать,1
сочетать,1
высота,1
удобство,1
перемещение,1
работать,1
разгрузка,1
грузоподъемность,1
1,1
тонна,1
пандус,1
подключать,1
система,1
отопление,1
устанавливать,1
противопожарный,1
сигнализация,1
временный,1
удобно,1
ведение,1
перекусить,1
обеденный,1
перерыв,1
i,1
would,1
be,1
happy,1
invite,1
guests,1
my,1
cozy,1
room,1
one,1
minute,1
from,1
station,1
just,1
minutes,1
red,1
square,1
and,1
city,1
center,1
by,1
people,1
there,1
everything,1
need,1
staying,1
рад,1
комнатный,1
4х,1
7этаж,1
комфортный,1
бесконтактный,1
заселение,1
выезд,1
идеально,1
подходить,1
удаленный,1
спокойный,1
свежий,1
матрас,1
кровать,1
благоухать,1
постельный,1
белье,1
30,1
круглосуточный,1
пекарня,1
very,1
freshly,1
renovated,1
great,1
mattress,1
on,1
wide,1
bed,1
perfect,1
cleanliness,1
will,1
definitely,1
want,1
come,1
back,1
us,1
8,1
пешком,1
пересадка,1
сразу,1
невский,1
400,1
михалково,1
каскад,1
радовать,1
глаз,1
сделать,1
ваш,1
незабываемый,1
прекрасный,1
600,1
измайловский,1
оснащать,1
длительный,1
посуда,1
вишневый,1
пекин,1
бор,1
маслово,1
голиковый,1
островитянов,1
12км,1
пятницкий,1
курская,1
снегирь,1
недостроенный,1
боровск,1
былово,1
новослободский,1
сухаревский,1
дорогомиловский,1
ходынка,1
каширский,1
кутузовский,1
фото,1
бетонка,1
ватутинка,1
мытищи,1
27,1
ля,1
полиция,1
эпоха,1
китай-город,1
тульский,1
яуза,1
алый,1
парус,1
алтуфьево,1
этажный,1
триумф,1
палас,1
вилла,1
беседа,1
шаболовка,1
1000,1
кв,1
юго-западный,1
локейшн,1
типография,1
фотосессия,1
машал,1
жуков,1
22,1
200,1
hi,1
tech,1
агентство,1
раздевалка,1
водозабор,1
динамо,1
большаковый,1
порт,1
бульвар,1
соседний,1
трехкомнатный,1
крыть,1
10,1
закрытый,1
мгу,1
наклонный,1
вуз,1
гостиничный,1
маяковская,1
аэродром,1
летный,1
управление,1
полет,1
цирк,1
16,1
новосходнинский,1
участок,1
катакомба,1
разруха,1
дыра,1
полагаться,1
facebook,1
котельная,1
опалиха,1
юг,1
7,1
мкад,1
мини,1
латиноамериканский,1
балетный,1
ресторация,1
бьютя,1
пряничный,1
свадебный,1
уровневый,1
beauty,1
salon,1
парикмахерская,1
графичный,1
натура,1
морской,1
санчасть,1
гастропаб,1
кинозал,1
кафетериус,1
москворечье,1
сабурово,1
байкер,1
мотогараж,1
медиагруппа,1
приемная,1
стартапер,1
ногтевой,1
экспериментальный,1
четырехэтажный,1
охотник,1
декоратор,1
свиноферма,1
каменный,1
гск,1
мрачный,1
йога,1
божественный,1
марфино,1
громадный,1
заводский,1
невзрачный,1
зоопарк,1
недорогой,1
братеево,1
игровой,1
сухой,1
предел,1
песочный,1
внушительный,1
грандиозный,1
соседствовать,1
испанский,1
протяженный,1
карусель,1
монументализм,1
богатство,1
высотка,1
переулок,1
закоулок,1
любительский,1
гостевой,1
проректор,1
труба,1
web,1
аскетический,1
дворец,1
препятствие,1
конный,1
вышка,1
банный,1
дальний,1
следование,1
девушка,1
атрибутика,1
барбершоп,1
бумага,1
развитый,1
институт,1
подсветка,1
массивный,1
бомбоубежище,1
велосипедный,1
небоскреб,1
мужской,1
бархатный,1
комфортабельный,1
итальянский,1
харизматичный,1
гармоничность,1
стюардесса,1
первоклассный,1
головинский,1
вместительный,1
заливной,1
бункер,1
эксцентричный,1
пара,1
подвальный,1
больничный,1
кокошкин,1
стрелковый,1
радуга,1
радужный,1
подиум,1
деревообрабатывающий,1
технологичный,1
продолговатый,1
храм,1
сосенский,1
футуристический,1
дух,1
ампир,1
фотостудия,1
потертый,1
счастливый,1
снежный,1
фееричный,1
прозрачный,1
квартирка,1
необжитый,1
парфюмерный,1
теремок,1
бургерный,1
фрукт,1
булочный,1
элита,1
нагатинский,1
затон,1
внуково,1
одежда,1
трешка,1
роковый,1
женщина,1
стрип,1
состоятельный,1
кофейня,1
цифровой,1
техника,1
экспресс,1
звукозаписывающий,1
тюремный,1
обивка,1
репетиционный,1
китайский,1
одинокий,1
общежитие,1
экстравагантный,1
книголюб,1
новостройка,1
хирургический,1
прощание,1
нижегородский,1
старомосковский,1
супер,1
мемориал,1
внуковский,1
90,1
гг,1
гипермаркет,1
простой,1
ремесленный,1
роскошный,1
космический,1
вечеринка,1
невысокий,1
образцовый,1
юный,1
стилизованный,1
отрадный,1
обеспечивать,1
ирландский,1
звукорежиссер,1
тайский,1
массаж,1
рисование,1
eco,1
косметология,1
витраж,1
капотня,1
официальный,1
опора,1
лосиноостровский,1
танец,1
атракцион,1
декорация,1
перевод,1
свалка,1
амфитеатр,1
бабушка,1
антиквариат,1
дипломат,1
французский,1
богатый,1
модернизм,1
недействующий,1
поэтесса,1
брутальный,1
посиделки,1
витражный,1
пацанский,1
гаджет,1
электротехника,1
европейский,1
поликлиника,1
действовать,1
заседание,1
литературный,1
развивающийся,1
вешняк,1
скалодром,1
самобытный,1
теннисный,1
интеллигент,1
лазерный,1
медицина,1
керлинг,1
образовательный,1
высококлассный,1
государственный,1
организация,1
монументальный,1
картинг,1
репертуар,1
престижный,1
ассиметричный,1
инженер,1
генерал,1
барчик,1
кластер,1
сруб,1
самосвал,1
воробей,1
везти,1
подснежник,1
спящий,1
страна,1
оз,1
химия,1
изобретение,1
фетиш,1
роспись,1
винтаж,1
хиппи,1
властелин,1
тряпочный,1
перфорация,1
облако,1
штаны,1
аперитив,1
двое,1
раскраска,1
рыцарь,1
титановый,1
бали,1
партикл,1
джентльмен,1
тотальный,1
отречение,1
дамский,1
секретный,1
галилео,1
изгнание,1
изобилие,1
сходка,1
кингсман,1
малиновый,1
закат,1
попугай,1
фиалковый,1
ночь,1
железо,1
тату,1
сила,1
народный,1
суточный,1
сон,1
тьма,1
соты,1
любовь,1
хоккей,1
эквилибриум,1
сияние,1
демон,1
служебный,1
ретрокар,1
матвеевское,1
хижина,1
скелет,1
шкаф,1
дворовый,1
набивать,1
карточный,1
болельщик,1
колонный,1
эльфийский,1
протеиновый,1
хаос,1
фляжка,1
мохито,1
джунгли,1
склеп,1
контрастный,1
пицца,1
альбатрос,1
покупка,1
краска,1
вата,1
оловянный,1
миньон,1
ветреный,1
матрица,1
беспредел,1
напильник,1
дюшес,1
дамасский,1
роза,1
вверх,1
ультра,1
кислотный,1
звезда,1
попрыгунчик,1
огненный,1
смородина,1
часовщик,1
эмбер,1
резной,1
призрачный,1
биологический,1
студент,1
безмолвие,1
богородский,1
компас,1
крылатское,1
кэжуал,1
питерский,1
параллельный,1
совет,1
подсвечник,1
заводской,1
колизей,1
птица,1
счастие,1
апокалипсис,1
просто,1
покататься,1
вишня,1
мансардный,1
тенисный,1
автомат,1
контора,1
стрит,1
синоним,1
представление,1
левобережный,1
алмазный,1
турбо,1
микки,1
грузинский,1
чаша,1
полный,1
харчевня,1
главный,1
мандариновый,1
бочка,1
эльф,1
зима,1
ивановское,1
танцующий,1
византийский,1
бамбук,1
янтарный,1
адель,1
д,1
вокзал,1
пятно,1
тихий,1
колесо,1
прием,1
лекало,1
серость,1
серебро,1
средний,1
княжна,1
стойка,1
валль,1
серебряный,1
лабиринт,1
стеллаж,1
древо,1
жизнь,1
рождественский,1
единорог,1
боксерский,1
сонми,1
бойцовский,1
удар,1
будни,1
леттеринг,1
тим,1
бертон,1
лондонский,1
мебельный,1
киберпанка,1
эвкалипт,1
морозный,1
паутина,1
панелька,1
губа,1
ультрамарин,1
зебра,1
уют,1
карп,1
кой,1
спать,1
фламинго,1
ар,1
анималистический,1
комбо,1
граница,1
иремель,1
линч,1
кушетка,1
гоночный,1
стендап,1
джокер,1
механик,1
стритрейсер,1
реквием,1
мечта,1
покрас,1
шалаш,1
чемпион,1
сота,1
бой,1
правило,1
титаник,1
ремесло,1
шик,1
вызывающий,1
шерлок,1
холмс,1
рио,1
нитка,1
ретро,1
механизм,1
настоящий,1
дырявый,1
котел,1
ткань,1
софит,1
гимнастика,1
пацанка,1
грутой,1
производство,1
пять,1
принцип,1
ателье,1
учебник,1
техосмотр,1
молекула,1
подушка,1
салатовый,1
вкусный,1
вылечивать,1
техно,1
коньково,1
линия,1
графит,1
латт,1
досуг,1
опушка,1
бежевый,1
мутант,1
фрак,1
праздник,1
подружка,1
невеста,1
сквозной,1
пирожное,1
кремовый,1
приторный,1
скейтер,1
покровское,1
вертикальный,1
стритбол,1
новогиреево,1
мрак,1
урбана,1
камыш,1
назад,1
великан,1
гигантский,1
осенний,1
акцентный,1
торжество,1
поднебесный,1
конский,1
инь,1
янь,1
ранчо,1
столица,1
рыбацкий,1
остров,1
тишь,1
гладь,1
гармония,1
направлять,1
уральский,1
мотив,1
вечерний,1
кафельный,1
переходить,1
идти,1
хуровневый,1
тротуарный,1
конгресс,1
спецмашина,1
строительный,1
режим,1
стадия,1
чердак,1
барин,1
счет,1
когресс,1
прямоугольный,1
ослепительно,1
похожий,1
верхний,1
электрический,1
плита,1
спейс,1
ресепшено,1
конференц,1
ведущий,1
фотограф,1
градирня,1
трещина,1
ковать,1
облицовывать,1
начинаться,1
грунтовой,1
многополосный,1
поселение,1
манюхино,1
окраина,1
автотехцентр,1
вращаться,1
кругом,1
разборка,1
техцентр,1
подъемник,1
шиномонтаж,1
количество,1
кафель,1
зоомагазин,1
стационарный,1
продажа,1
променадный,1
рыночный,1
сладость,1
хозяйственный,1
активный,1
волейбол,1
игра,1
аутентичный,1
сдержанный,1
лаконичность,1
подьезд,1
панельный,1
многоэтажка,1
трамвай,1
чешский,1
татра,1
окраска,1
логистический,1
частый,1
полуживой,1
полузабросить,1
антураж,1
й,1
половина,1
хх,1
ангара,1
конструктивистский,1
заброшеный,1
состояние,1
вестись,1
действие,1
складской,1
чисто,1
действующий,1
домодедово,1
глухово,1
черно,1
прилетать,1
подъем,1
темно-бежевый,1
одинцово,1
разрисовывать,1
перегородка,1
замок,1
большинство,1
светло-бежевый,1
коричневый,1
аква,1
джакузи,1
марка,1
гармошка,1
перевозчик,1
кузов,1
короткий,1
проем,1
непродолжительный,1
трехполосный,1
двухсторонний,1
елезобетонный,1
ост,1
еку,1
железобетонный,1
треугольный,1
пролет,1
оригинальный,1
медальон,1
сюжет,1
парадный,1
полукруглый,1
рубеж,1
xix,1
столетие,1
метлахский,1
светлай,1
клетка,1
ракурс,1
r,1
пплощадка,1
ярко,1
выражать,1
модерн,1
вензель,1
ковка,1
искусственный,1
канал,1
телебашня,1
внутридомовый,1
18,1
го,1
рельеф,1
решать,1
ровный,1
аносино,1
протекать,1
навесный,1
мостик,1
снигирь,1
вблизи,1
непосредственный,1
близость,1
островок,1
заход,1
деника,1
инвентарь,1
загон,1
звуковой,1
видеооборудование,1
линолеум,1
кольцо,1
аппаратура,1
звук,1
хореографический,1
развешивать,1
бардовый,1
желто-зеленый,1
наносить,1
размер,1
небольшис,1
стеклать,1
отреставрировать,1
цент,1
зрелищный,1
размещать,1
510,1
мочь,1
трансформироваться,1
сценический,1
гардероб,1
вестибюль,1
экспозиционный,1
непосредственно,1
активность,1
хореография,1
младший,1
кружок,1
робототехника,1
моделирование,1
живопись,1
прикладной,1
групповой,1
занятие,1
развитие,1
универсальный,1
ремонтный,1
поделочный,1
помимо,1
это,1
предусматривать,1
преподаватель,1
руководитель,1
кладовая,1
«,1
»,1
—,1
метровый,1
входить,1
ряд,1
стол,1
звездный,1
небо,1
ламинат,1
ярус,1
вип,1
столик,1
открывать,1
оттенок,1
космос,1
портретный,1
изделие,1
работник,1
инструмент,1
партер,1
масштабный,1
третий,1
классиеский,1
торжественный,1
полукруг,1
стоматология,1
отдельно,1
стоящий,1
доступный,1
любой,1
неюольшой,1
оживленный,1
читальный,1
дворик,1
мозаика,1
стекло,1
блок,1
объемный,1
школьный,1
2000,1
светый,1
ель,1
почва,1
просека,1
тропинка,1
поляна,1
неподалеку,1
памятник,1
альпийский,1
выкладывать,1
увд,1
кларнет,1
тренировка,1
